B-Rating,2
I-Rating,start
O,restaurants
O,with
B-Amenity,inside
I-Amenity,dining
,
O,34
,
B-Rating,5
I-Rating,star
O,resturants
B-Location,in
I-Location,my
I-Location,town
,
O,98
B-Restaurant_Name,hong
I-Restaurant_Name,kong
O,restaurant
B-Price,reasonable
O,prices
,
O,a
O,great
O,lunch
O,spot
O,but
B-Hours,open
I-Hours,till
I-Hours,2
I-Hours,a
I-Hours,m
B-Restaurant_Name,passims
I-Restaurant_Name,kitchen
,
O,a
O,place
O,that
O,serves
B-Dish,soft
I-Dish,serve
I-Dish,ice
I-Dish,cream
,
O,a
O,restaurant
O,that
O,is
B-Rating,good
B-Amenity,for
I-Amenity,groups
,
O,a
B-Dish,salad
O,would
O,make
O,my
O,day
,
O,a
B-Cuisine,smoothie
O,would
O,hit
O,the
O,spot
,
O,a
B-Dish,steak
O,would
O,be
O,nice
,
O,a
B-Dish,sub
O,place
B-Location,near
I-Location,independence
I-Location,boulevard
,
O,about
O,how
O,much
O,is
O,a
B-Price,midpriced
B-Rating,bottle
O,of
B-Rating,good
B-Cuisine,wine
O,at
B-Restaurant_Name,davidos
I-Restaurant_Name,italian
I-Restaurant_Name,palace
,
O,about
O,how
O,much
O,will
O,it
B-Price,cost
O,to
O,eat
O,at
B-Restaurant_Name,johns
I-Restaurant_Name,pizza
I-Restaurant_Name,cafe
O,for
B-Hours,dinner
B-Price,per
I-Price,person
,
O,adress
O,of
O,the
B-Location,nearest
B-Restaurant_Name,cracker
I-Restaurant_Name,barrel
,
B-Hours,after
I-Hours,hour
I-Hours,dining
,
O,all
O,i
O,want
O,is
O,a
B-Dish,bagel
I-Dish,and
I-Dish,coffee
O,can
O,you
O,direct
O,me
,
O,all
O,i
O,want
O,is
B-Dish,salmon
,
O,all
O,i
O,want
O,is
O,some
B-Dish,fresh
I-Dish,fruits
O,where
O,is
O,the
B-Location,nearest
I-Location,supermarket
,
O,all
O,i
O,want
O,is
O,some
B-Rating,good
B-Dish,chili
O,can
O,you
O,help
O,me
O,find
O,that
,
O,along
O,my
O,route
O,tell
O,me
O,the
O,next
B-Cuisine,steak
I-Cuisine,house
O,that
O,is
B-Location,within
I-Location,a
I-Location,mile
,
O,alot
O,of
B-Amenity,parking
B-Cuisine,indian
O,food
,
O,although
O,a
B-Rating,good
B-Dish,burger
O,would
O,be
O,good
O,time
O,for
B-Restaurant_Name,burger
I-Restaurant_Name,king
,
O,am
O,i
O,ablle
O,to
O,get
O,a
O,reservation
O,at
B-Restaurant_Name,mcdills
B-Hours,tonight
,
B-Cuisine,american
O,style
O,restaurants
B-Rating,reviews
,
B-Amenity,anniversary
I-Amenity,dinner
,
O,any
B-Amenity,50s
I-Amenity,style
B-Cuisine,diners
O,around
,
O,any
B-Cuisine,bars
O,around
O,that
O,are
B-Hours,open
I-Hours,before
I-Hours,11
I-Hours,a
I-Hours,m
,
O,any
B-Restaurant_Name,beanery
O,restaurants
O,at
O,the
B-Location,north
I-Location,end
,
O,any
B-Cuisine,beanery
O,restaurants
O,on
B-Location,westborough
,
O,any
B-Dish,beef
O,cuisine
O,restaurants
O,with
B-Amenity,brewpub
O,and
B-Price,great
O,prices
,
O,any
B-Amenity,buffet
I-Amenity,style
O,restaurant
B-Location,in
I-Location,my
I-Location,area
,
O,any
B-Amenity,business
I-Amenity,eateries
O,with
B-Amenity,great
I-Amenity,portions
,
O,any
B-Rating,busy
O,restaurants
B-Location,around
I-Location,here
,
O,any
B-Cuisine,cali
I-Cuisine,eateries
B-Hours,open
I-Hours,at
I-Hours,11
I-Hours,am
,
O,any
O,chance
O,i
O,can
O,get
O,a
B-Amenity,reservation
O,at
O,that
B-Amenity,fine
I-Amenity,dining
O,place
O,thats
O,the
B-Rating,top
I-Rating,rated
I-Rating,on
I-Rating,tripadvisor
,
O,any
B-Price,cheap
O,places
O,on
B-Location,middleboro
,
O,any
B-Price,cheap
O,restaurants
B-Hours,open
I-Hours,before
I-Hours,8
I-Hours,a
I-Hours,m
,
O,any
B-Price,cheap
B-Cuisine,spanish
O,places
,
O,any
B-Rating,crowd
I-Rating,pleasing
O,restaurants
B-Location,around
I-Location,here
,
O,any
B-Cuisine,deli
O,with
B-Amenity,catering
I-Amenity,services
,
O,any
B-Cuisine,family
O,restaurant
B-Location,nearby
,
O,any
B-Cuisine,fast
I-Cuisine,food
B-Location,nearby
,
O,any
B-Cuisine,fast
I-Cuisine,food
O,places
B-Hours,open
I-Hours,this
I-Hours,late
,
O,any
B-Cuisine,fast
I-Cuisine,food
O,restaurants
B-Location,nearby
,
O,any
B-Cuisine,fastfood
B-Location,nearby
,
O,any
O,food
B-Cuisine,low
I-Cuisine,fat
O,food
O,resteraunt
,
O,any
O,food
B-Location,within
I-Location,5
I-Location,miles
,
O,any
B-Cuisine,german
O,cuisine
B-Cuisine,diners
O,around
O,with
B-Amenity,no
I-Amenity,smoking
O,permitted
,
O,any
B-Rating,good
B-Cuisine,ice
I-Cuisine,cream
O,places
B-Location,around
,
O,any
B-Rating,good
B-Cuisine,steak
I-Cuisine,houses
B-Location,around
O,me
,
O,any
B-Restaurant_Name,ihops
B-Location,around
,
O,any
B-Restaurant_Name,inernational
B-Dish,brownies
B-Location,around
I-Location,here
,
O,any
B-Amenity,kid
I-Amenity,friendly
O,restaurants
B-Location,around
I-Location,here
,
O,any
B-Hours,late
I-Hours,night
B-Cuisine,diners
O,featuring
B-Dish,sake
,
O,any
B-Amenity,nice
I-Amenity,dine
I-Amenity,in
O,restaurants
B-Location,next
I-Location,to
I-Location,here
,
O,any
B-Price,nicely
O,priced
O,places
B-Location,in
I-Location,harvard
O,with
B-Rating,nice
I-Rating,toppings
,
O,any
O,of
O,the
B-Restaurant_Name,landrys
O,restaurants
O,offer
B-Amenity,carry
I-Amenity,out
B-Hours,until
I-Hours,at
I-Hours,least
I-Hours,9
I-Hours,pm
,
O,any
O,pho
B-Cuisine,hoa
O,restaurants
O,with
B-Hours,late
I-Hours,night
I-Hours,dining
,
O,any
O,place
B-Location,around
O,that
O,serves
B-Dish,sandwichs
O,on
O,their
B-Hours,lunch
O,menu
,
O,any
O,place
O,around
O,that
O,serves
B-Cuisine,vegan
O,food
O,options
,
O,any
O,place
B-Rating,good
O,to
O,eat
B-Location,nearby
,
O,any
O,place
O,to
O,eat
B-Location,nearby
O,that
O,takes
B-Amenity,travelers
I-Amenity,checks
,
O,any
O,places
B-Location,along
I-Location,this
I-Location,road
O,serve
B-Dish,chips
,
O,any
O,places
O,in
B-Location,harvard
I-Location,square
O,where
O,i
O,can
O,get
B-Dish,potato
I-Dish,pie
O,and
B-Amenity,see
I-Amenity,some
I-Amenity,celebrities
,
O,any
B-Price,reasonable
O,priced
B-Cuisine,chowder
O,restaurants
O,offering
B-Amenity,group
I-Amenity,dining
,
O,any
O,restaurant
B-Location,close
I-Location,by
O,that
O,serves
B-Cuisine,vegan
O,dish
O,and
O,its
B-Price,affordable
,
O,any
O,restaurant
O,that
B-Hours,opens
I-Hours,24
I-Hours,hours
,
O,any
O,restaurants
O,around
O,featuring
B-Cuisine,brunch
O,on
B-Location,hovendon
I-Location,avenue
,
O,any
O,restaurants
B-Location,around
I-Location,four
I-Location,miles
I-Location,from
I-Location,here
O,with
B-Amenity,private
I-Amenity,rooms
,
O,any
O,restaurants
O,around
B-Location,government
I-Location,center
O,with
B-Price,great
O,prices
,
O,any
O,restaurants
B-Location,around
I-Location,sacramento
O,with
B-Amenity,fireplace
O,and
B-Amenity,great
I-Amenity,atmosphere
,
O,any
O,restaurants
B-Location,around
O,that
O,serve
B-Cuisine,organic
O,foods
,
O,any
O,restaurants
B-Location,take
I-Location,checks
,
O,any
O,restaurants
O,that
O,serve
B-Dish,french
I-Dish,fries
O,and
O,have
O,a
B-Amenity,patio
B-Location,nearby
,
O,any
B-Cuisine,southwestern
O,cuisine
O,restaurants
O,featuring
B-Amenity,romantic
I-Amenity,dining
B-Location,nearby
,
O,any
B-Cuisine,spanish
O,restaurants
O,in
B-Location,jamaica
I-Location,plain
B-Hours,open
I-Hours,in
I-Hours,the
I-Hours,morning
,
O,any
B-Rating,suggestions
O,on
O,what
O,to
O,eat
,
O,any
B-Cuisine,tapas
O,places
O,with
B-Amenity,drink
I-Amenity,specials
,
O,any
B-Cuisine,unique
O,foods
O,here
,
O,anybody
O,serve
B-Dish,boardwalk
I-Dish,fries
B-Location,around
I-Location,here
,
O,anyplace
O,i
O,can
O,get
O,some
O,good
B-Dish,pita
I-Dish,bread
O,thats
B-Location,not
I-Location,more
I-Location,than
I-Location,4
I-Location,miles
O,out
,
O,anything
B-Rating,good
O,to
O,eat
B-Location,within
I-Location,10
I-Location,miles
,
O,anything
O,with
B-Amenity,group
I-Amenity,seating
,
O,anywhere
O,i
O,can
O,get
O,a
O,tasty
O,and
B-Price,cheap
B-Dish,noodle
I-Dish,dish
,
O,anywhere
O,thats
B-Amenity,not
I-Amenity,crowded
O,before
O,the
O,game
O,where
O,i
O,can
O,get
O,a
O,bite
,
B-Restaurant_Name,apple
I-Restaurant_Name,bs
O,resturant
B-Location,in
I-Location,town
,
B-Cuisine,arabic
O,cuisine
B-Location,near
I-Location,me
,
O,are
O,any
B-Cuisine,doughnut
O,shops
B-Hours,open
I-Hours,right
I-Hours,now
,
O,are
O,any
B-Cuisine,vegetarian
O,restaurants
B-Location,within
I-Location,5
I-Location,blocks
O,of
O,here
,
O,are
B-Amenity,children
I-Amenity,allowed
O,in
B-Restaurant_Name,mi
I-Restaurant_Name,piacis
,
O,are
B-Restaurant_Name,rivertown
I-Restaurant_Name,coffee
I-Restaurant_Name,co
O,or
B-Restaurant_Name,aromas
I-Restaurant_Name,coffee
I-Restaurant_Name,bar
O,expensive
,
O,are
B-Restaurant_Name,sebastians
O,restaurants
B-Amenity,portions
I-Amenity,big
,
O,are
O,than
O,any
B-Cuisine,sushi
O,restaurants
O,on
O,the
B-Location,north
I-Location,side
I-Location,of
I-Location,town
O,and
O,i
O,need
O,to
O,know
O,their
O,phone
O,number
O,and
O,directions
,
O,are
O,the
O,any
B-Cuisine,vegetarian
O,restaurants
O,in
B-Location,cleveland
I-Location,park
,
O,are
O,the
O,proportions
O,big
O,or
O,small
,
O,are
O,the
O,reviews
O,good
O,for
B-Restaurant_Name,chichis
O,in
B-Location,gona
,
O,are
O,the
O,reviews
O,good
O,for
B-Restaurant_Name,donovans
I-Restaurant_Name,rooftop
I-Restaurant_Name,grill
,
O,are
O,the
B-Amenity,servers
I-Amenity,attractive
,
O,are
O,their
O,any
B-Location,places
O,to
O,eat
O,near
O,my
B-Location,location
,
O,are
O,there
B-Price,affordable
O,restaurants
O,in
B-Location,kingston
B-Hours,open
I-Hours,until
I-Hours,11
I-Hours,pm
,
O,are
O,there
O,any
B-Hours,24
I-Hours,hour
B-Cuisine,diners
O,around
B-Location,here
,
O,are
O,there
O,any
B-Hours,24
I-Hours,hour
B-Cuisine,diners
B-Location,near
I-Location,by
,
O,are
O,there
O,any
B-Hours,24
I-Hours,hour
O,restaurants
B-Location,nearby
,
O,are
O,there
O,any
B-Rating,4
I-Rating,star
B-Cuisine,seafood
O,restaurants
B-Location,within
I-Location,10
I-Location,miles
,
O,are
O,there
O,any
B-Rating,5
I-Rating,star
O,restaurants
B-Location,near
,
O,are
O,there
O,any
B-Price,affordable
B-Cuisine,meat
O,serving
O,venues
B-Location,within
I-Location,five
I-Location,miles
I-Location,of
I-Location,here
,
O,are
O,there
O,any
B-Price,affordable
O,steak
O,places
O,in
O,littleton
,
O,are
O,there
O,any
B-Amenity,all
I-Amenity,you
I-Amenity,can
I-Amenity,eat
B-Cuisine,sushi
B-Amenity,buffets
O,in
B-Location,westbury
,
O,are
O,there
O,any
B-Cuisine,american
O,restaurants
B-Location,in
I-Location,area
,
O,are
O,there
O,any
B-Cuisine,american
O,restaurants
O,that
O,are
O,also
B-Amenity,carry
I-Amenity,out
,
O,are
O,there
O,any
B-Restaurant_Name,arbys
B-Location,in
I-Location,this
I-Location,area
,
O,are
O,there
O,any
B-Restaurant_Name,arbys
B-Location,with
I-Location,in
I-Location,ten
I-Location,miles
I-Location,of
I-Location,here
,
O,are
O,there
O,any
B-Cuisine,asian
O,restaurants
B-Location,close
I-Location,by
,
O,are
O,there
O,any
B-Cuisine,authentic
I-Cuisine,greek
O,restaurants
O,that
O,serve
B-Dish,gyros
B-Location,around
I-Location,here
,
O,are
O,there